filename,candidate_sample_id,sample_identity_confidence,exact_duplicate_group,near_duplicate_group,quality_status,quality_issue,ruler_present,ruler_usable,overhead_view,lighting_status,perspective_status,possible_observation,notes
IMG_20260920_200712.jpg,CANDIDATE_S001,MEDIUM,,,KEEP,none,NOT_CONFIRMED,N/A_NOT_VISIBLE_IN_FRAME,APPROX_YES,consistent,mild_in_plane_rotation_typical,OBSERVATION - possible alignment/border curvature (bowed top/bottom border wires) - HUMAN VERIFICATION REQUIRED,datetime=2026:09:20 20:07:12; width=3000; height=4000; sharpness=442.9
IMG_20260920_200722.jpg,CANDIDATE_S001,MEDIUM,,,KEEP,none,NOT_CONFIRMED,N/A_NOT_VISIBLE_IN_FRAME,APPROX_YES,consistent,mild_in_plane_rotation_typical,,datetime=2026:09:20 20:07:22; width=3000; height=4000; sharpness=328.57
IMG_20260920_200731.jpg,CANDIDATE_S001,MEDIUM,,,KEEP,none,NOT_CONFIRMED,N/A_NOT_VISIBLE_IN_FRAME,APPROX_YES,consistent,mild_in_plane_rotation_typical,,datetime=2026:09:20 20:07:31; width=4000; height=3000; sharpness=220.41
IMG_20260920_200745.jpg,CANDIDATE_S001,MEDIUM,,,REVIEW,overexposure,NOT_CONFIRMED,N/A_NOT_VISIBLE_IN_FRAME,APPROX_YES,flagged,mild_in_plane_rotation_typical,,datetime=2026:09:20 20:07:45; width=4000; height=3000; sharpness=192.8
IMG_20260920_200756.jpg,CANDIDATE_S001,MEDIUM,,,KEEP,none,NOT_CONFIRMED,N/A_NOT_VISIBLE_IN_FRAME,APPROX_YES,consistent,mild_in_plane_rotation_typical,,datetime=2026:09:20 20:07:56; width=4000; height=3000; sharpness=204.0
IMG_20260920_200850.jpg,CANDIDATE_S001,MEDIUM,,,KEEP,none,NOT_CONFIRMED,N/A_NOT_VISIBLE_IN_FRAME,APPROX_YES,consistent,mild_in_plane_rotation_typical,,datetime=2026:09:20 20:08:50; width=4000; height=3000; sharpness=422.49
IMG_20260920_200853.jpg,CANDIDATE_S001,MEDIUM,,,KEEP,none,NOT_CONFIRMED,N/A_NOT_VISIBLE_IN_FRAME,APPROX_YES,consistent,mild_in_plane_rotation_typical,,datetime=2026:09:20 20:08:53; width=4000; height=3000; sharpness=273.64
IMG_20260920_201101.jpg,UNCERTAIN,LOW,,,KEEP,none,NOT_CONFIRMED,N/A_NOT_VISIBLE_IN_FRAME,APPROX_YES,consistent,mild_in_plane_rotation_typical,OBSERVATION - protruding/cut wire stub ends at panel border - HUMAN VERIFICATION REQUIRED,datetime=2026:09:20 20:11:01; width=3000; height=4000; sharpness=585.15
IMG_20260920_201118.jpg,UNCERTAIN,LOW,,,KEEP,none,NOT_CONFIRMED,N/A_NOT_VISIBLE_IN_FRAME,APPROX_YES,consistent,mild_in_plane_rotation_typical,OBSERVATION - protruding/cut wire stub ends at panel border - HUMAN VERIFICATION REQUIRED,datetime=2026:09:20 20:11:18; width=4000; height=3000; sharpness=407.79
IMG_20260920_201313.jpg,UNCERTAIN,LOW,,,KEEP,none,YES,LIKELY_YES_PENDING_HUMAN_CHECK,APPROX_YES,consistent,mild_in_plane_rotation_typical,,datetime=2026:09:20 20:13:13; width=4000; height=3000; sharpness=706.92
IMG_20260920_201817.jpg,CANDIDATE_S002,MEDIUM,,,KEEP,none,YES,LIKELY_YES_PENDING_HUMAN_CHECK,APPROX_YES,consistent,mild_in_plane_rotation_typical,OBSERVATION - possible alignment/border curvature (bowed top border wire) - HUMAN VERIFICATION REQUIRED,datetime=2026:09:20 20:18:17; width=4000; height=3000; sharpness=802.98
IMG_20260920_201826.jpg,CANDIDATE_S002,MEDIUM,,,KEEP,none,YES,LIKELY_YES_PENDING_HUMAN_CHECK,APPROX_YES,consistent,mild_in_plane_rotation_typical,OBSERVATION - possible alignment/border curvature (bowed top border wire) - HUMAN VERIFICATION REQUIRED,datetime=2026:09:20 20:18:26; width=4000; height=3000; sharpness=858.03
IMG_20260920_201850.jpg,CANDIDATE_S002,MEDIUM,,,KEEP,none,NOT_CONFIRMED,N/A_NOT_VISIBLE_IN_FRAME,APPROX_YES,consistent,mild_in_plane_rotation_typical,,datetime=2026:09:20 20:18:50; width=4000; height=3000; sharpness=584.85
IMG_20260920_201854.jpg,CANDIDATE_S002,MEDIUM,,,KEEP,none,NOT_CONFIRMED,N/A_NOT_VISIBLE_IN_FRAME,APPROX_YES,consistent,mild_in_plane_rotation_typical,,datetime=2026:09:20 20:18:54; width=4000; height=3000; sharpness=145.08
IMG_20260920_201900.jpg,CANDIDATE_S002,MEDIUM,,,KEEP,none,NOT_CONFIRMED,N/A_NOT_VISIBLE_IN_FRAME,APPROX_YES,consistent,mild_in_plane_rotation_typical,,datetime=2026:09:20 20:19:00; width=4000; height=3000; sharpness=65.71
IMG_20260920_201906.jpg,CANDIDATE_S002,MEDIUM,,,KEEP,none,YES,LIKELY_YES_PENDING_HUMAN_CHECK,APPROX_YES,consistent,mild_in_plane_rotation_typical,,datetime=2026:09:20 20:19:06; width=4000; height=3000; sharpness=93.29
IMG_20260920_201911.jpg,CANDIDATE_S002,MEDIUM,,,KEEP,none,NOT_CONFIRMED,N/A_NOT_VISIBLE_IN_FRAME,APPROX_YES,consistent,mild_in_plane_rotation_typical,,datetime=2026:09:20 20:19:11; width=4000; height=3000; sharpness=83.87
IMG_20260920_201921.jpg,CANDIDATE_S002,MEDIUM,,,REVIEW,soft_focus,NOT_CONFIRMED,N/A_NOT_VISIBLE_IN_FRAME,APPROX_YES,consistent,mild_in_plane_rotation_typical,,datetime=2026:09:20 20:19:21; width=4000; height=3000; sharpness=31.67
IMG_20260920_201925.jpg,CANDIDATE_S002,MEDIUM,,,KEEP,none,NOT_CONFIRMED,N/A_NOT_VISIBLE_IN_FRAME,APPROX_YES,consistent,mild_in_plane_rotation_typical,,datetime=2026:09:20 20:19:25; width=4000; height=3000; sharpness=93.8
IMG_20260920_201934.jpg,CANDIDATE_S002,MEDIUM,,,KEEP,none,NOT_CONFIRMED,N/A_NOT_VISIBLE_IN_FRAME,APPROX_YES,consistent,mild_in_plane_rotation_typical,,datetime=2026:09:20 20:19:34; width=4000; height=3000; sharpness=130.58
IMG_20260920_201940.jpg,CANDIDATE_S002,MEDIUM,,,KEEP,none,NOT_CONFIRMED,N/A_NOT_VISIBLE_IN_FRAME,APPROX_YES,consistent,mild_in_plane_rotation_typical,,datetime=2026:09:20 20:19:40; width=4000; height=3000; sharpness=84.47
IMG_20260920_201946.jpg,CANDIDATE_S002,MEDIUM,,,KEEP,none,NOT_CONFIRMED,N/A_NOT_VISIBLE_IN_FRAME,APPROX_YES,consistent,mild_in_plane_rotation_typical,,datetime=2026:09:20 20:19:46; width=4000; height=3000; sharpness=96.45
IMG_20260920_202017.jpg,CANDIDATE_S003,MEDIUM,,,KEEP,none,YES,LIKELY_YES_PENDING_HUMAN_CHECK,APPROX_YES,consistent,mild_in_plane_rotation_typical,,datetime=2026:09:20 20:20:17; width=4000; height=3000; sharpness=568.84
IMG_20260920_202032.jpg,CANDIDATE_S003,MEDIUM,,,KEEP,none,NOT_CONFIRMED,N/A_NOT_VISIBLE_IN_FRAME,APPROX_YES,consistent,mild_in_plane_rotation_typical,,datetime=2026:09:20 20:20:32; width=4000; height=3000; sharpness=425.89
IMG_20260920_202036.jpg,CANDIDATE_S003,MEDIUM,,,KEEP,none,NOT_CONFIRMED,N/A_NOT_VISIBLE_IN_FRAME,APPROX_YES,consistent,mild_in_plane_rotation_typical,,datetime=2026:09:20 20:20:36; width=4000; height=3000; sharpness=98.37
IMG_20260920_202041.jpg,CANDIDATE_S003,MEDIUM,,,KEEP,none,NOT_CONFIRMED,N/A_NOT_VISIBLE_IN_FRAME,APPROX_YES,consistent,mild_in_plane_rotation_typical,,datetime=2026:09:20 20:20:41; width=4000; height=3000; sharpness=63.83
IMG_20260920_202053.jpg,CANDIDATE_S003,MEDIUM,,NDB-01,KEEP,none,NOT_CONFIRMED,N/A_NOT_VISIBLE_IN_FRAME,APPROX_YES,consistent,mild_in_plane_rotation_typical,,datetime=2026:09:20 20:20:53; width=4000; height=3000; sharpness=196.46
IMG_20260920_202055.jpg,CANDIDATE_S003,MEDIUM,,,KEEP,none,NOT_CONFIRMED,N/A_NOT_VISIBLE_IN_FRAME,APPROX_YES,consistent,mild_in_plane_rotation_typical,,datetime=2026:09:20 20:20:55; width=4000; height=3000; sharpness=157.99
IMG_20260920_202103.jpg,CANDIDATE_S003,MEDIUM,,,KEEP,none,YES,LIKELY_YES_PENDING_HUMAN_CHECK,APPROX_YES,consistent,mild_in_plane_rotation_typical,,datetime=2026:09:20 20:21:03; width=4000; height=3000; sharpness=171.17
IMG_20260920_202106.jpg,CANDIDATE_S003,MEDIUM,,,KEEP,none,NOT_CONFIRMED,N/A_NOT_VISIBLE_IN_FRAME,APPROX_YES,consistent,mild_in_plane_rotation_typical,,datetime=2026:09:20 20:21:06; width=4000; height=3000; sharpness=186.45
IMG_20260920_202117.jpg,CANDIDATE_S003,MEDIUM,,,KEEP,none,NOT_CONFIRMED,N/A_NOT_VISIBLE_IN_FRAME,APPROX_YES,consistent,mild_in_plane_rotation_typical,,datetime=2026:09:20 20:21:17; width=4000; height=3000; sharpness=110.65
IMG_20260920_202123.jpg,CANDIDATE_S003,MEDIUM,,,KEEP,none,NOT_CONFIRMED,N/A_NOT_VISIBLE_IN_FRAME,APPROX_YES,consistent,mild_in_plane_rotation_typical,,datetime=2026:09:20 20:21:23; width=4000; height=3000; sharpness=90.93
IMG_20260920_202126.jpg,CANDIDATE_S003,MEDIUM,,,KEEP,none,NOT_CONFIRMED,N/A_NOT_VISIBLE_IN_FRAME,APPROX_YES,consistent,mild_in_plane_rotation_typical,,datetime=2026:09:20 20:21:26; width=4000; height=3000; sharpness=171.19
IMG_20260920_202136.jpg,CANDIDATE_S003,MEDIUM,,NDB-01,KEEP,none,NOT_CONFIRMED,N/A_NOT_VISIBLE_IN_FRAME,APPROX_YES,consistent,mild_in_plane_rotation_typical,,datetime=2026:09:20 20:21:36; width=3000; height=4000; sharpness=259.93
IMG_20260920_202139.jpg,CANDIDATE_S003,MEDIUM,,,KEEP,none,NOT_CONFIRMED,N/A_NOT_VISIBLE_IN_FRAME,APPROX_YES,consistent,mild_in_plane_rotation_typical,,datetime=2026:09:20 20:21:39; width=3000; height=4000; sharpness=366.89
IMG_20260920_202220.jpg,CANDIDATE_S004,HIGH,,,KEEP,none,YES,LIKELY_YES_PENDING_HUMAN_CHECK,APPROX_YES,consistent,mild_in_plane_rotation_typical,,datetime=2026:09:20 20:22:20; width=4000; height=3000; sharpness=880.86
IMG_20260920_202236.jpg,CANDIDATE_S004,HIGH,,,KEEP,none,NOT_CONFIRMED,N/A_NOT_VISIBLE_IN_FRAME,APPROX_YES,consistent,mild_in_plane_rotation_typical,,datetime=2026:09:20 20:22:36; width=4000; height=3000; sharpness=436.08
IMG_20260920_202311.jpg,CANDIDATE_S004,HIGH,,,KEEP,none,NOT_CONFIRMED,N/A_NOT_VISIBLE_IN_FRAME,APPROX_YES,consistent,mild_in_plane_rotation_typical,,datetime=2026:09:20 20:23:11; width=4000; height=3000; sharpness=163.67
IMG_20260920_202314.jpg,CANDIDATE_S004,HIGH,,,REVIEW,soft_focus,NOT_CONFIRMED,N/A_NOT_VISIBLE_IN_FRAME,APPROX_YES,consistent,mild_in_plane_rotation_typical,,datetime=2026:09:20 20:23:14; width=4000; height=3000; sharpness=51.39
IMG_20260920_202318.jpg,CANDIDATE_S004,HIGH,,,KEEP,none,NOT_CONFIRMED,N/A_NOT_VISIBLE_IN_FRAME,APPROX_YES,consistent,mild_in_plane_rotation_typical,,datetime=2026:09:20 20:23:18; width=4000; height=3000; sharpness=160.66
IMG_20260920_202322.jpg,CANDIDATE_S004,HIGH,,,KEEP,none,NOT_CONFIRMED,N/A_NOT_VISIBLE_IN_FRAME,APPROX_YES,consistent,mild_in_plane_rotation_typical,,datetime=2026:09:20 20:23:22; width=4000; height=3000; sharpness=273.5
IMG_20260920_202328.jpg,CANDIDATE_S004,HIGH,,,REVIEW,soft_focus,NOT_CONFIRMED,N/A_NOT_VISIBLE_IN_FRAME,APPROX_YES,consistent,mild_in_plane_rotation_typical,,datetime=2026:09:20 20:23:28; width=4000; height=3000; sharpness=57.99
IMG_20260920_202332.jpg,CANDIDATE_S004,HIGH,,NDB-02,REVIEW,soft_focus,NOT_CONFIRMED,N/A_NOT_VISIBLE_IN_FRAME,APPROX_YES,consistent,mild_in_plane_rotation_typical,,datetime=2026:09:20 20:23:32; width=4000; height=3000; sharpness=7.91
IMG_20260920_202343.jpg,CANDIDATE_S004,HIGH,,NDB-02,REVIEW,soft_focus,NOT_CONFIRMED,N/A_NOT_VISIBLE_IN_FRAME,APPROX_YES,consistent,mild_in_plane_rotation_typical,,datetime=2026:09:20 20:23:43; width=4000; height=3000; sharpness=37.28
IMG_20260920_202351.jpg,CANDIDATE_S004,HIGH,,,REVIEW,soft_focus,NOT_CONFIRMED,N/A_NOT_VISIBLE_IN_FRAME,APPROX_YES,consistent,mild_in_plane_rotation_typical,,datetime=2026:09:20 20:23:51; width=4000; height=3000; sharpness=13.08
IMG_20260920_202355.jpg,CANDIDATE_S004,HIGH,,,REVIEW,soft_focus,NOT_CONFIRMED,N/A_NOT_VISIBLE_IN_FRAME,APPROX_YES,consistent,mild_in_plane_rotation_typical,,datetime=2026:09:20 20:23:55; width=4000; height=3000; sharpness=50.2
IMG_20260920_202400.jpg,CANDIDATE_S004,HIGH,,,KEEP,none,NOT_CONFIRMED,N/A_NOT_VISIBLE_IN_FRAME,APPROX_YES,consistent,mild_in_plane_rotation_typical,,datetime=2026:09:20 20:24:00; width=4000; height=3000; sharpness=62.53
IMG_20260920_202406.jpg,CANDIDATE_S004,HIGH,,NDB-03,REVIEW,soft_focus,NOT_CONFIRMED,N/A_NOT_VISIBLE_IN_FRAME,APPROX_YES,consistent,mild_in_plane_rotation_typical,,datetime=2026:09:20 20:24:06; width=4000; height=3000; sharpness=40.98
IMG_20260920_202408.jpg,CANDIDATE_S004,HIGH,,NDB-03,REVIEW,soft_focus,NOT_CONFIRMED,N/A_NOT_VISIBLE_IN_FRAME,APPROX_YES,consistent,mild_in_plane_rotation_typical,,datetime=2026:09:20 20:24:08; width=4000; height=3000; sharpness=45.89
